{"cameraMode":{"drawMode":0,"name":"Shaded","section":"Shading Mode"},"sceneLighting":false,"audioPlay":false,"sceneViewState":{"m_AlwaysRefresh":false,"showFog":true,"showSkybox":false,"showFlares":true,"showImageEffects":true,"showParticleSystems":true,"showVisualEffectGraphs":true,"m_FxEnabled":true},"in2DMode":false,"pivot":{"x":-0.011235475540161133,"y":-0.0017366409301757813,"z":-0.10781487822532654},"rotation":{"x":0.38728582859039309,"y":-0.0016482177888974548,"z":0.00044821880874224007,"w":0.9215863347053528},"size":2.593881368637085,"orthographic":false}