{"cameraMode":{"drawMode":0,"name":"Shaded","section":"Shading Mode"},"sceneLighting":true,"audioPlay":false,"sceneViewState":{"m_AlwaysRefresh":false,"showFog":true,"showSkybox":false,"showFlares":true,"showImageEffects":true,"showParticleSystems":true,"showVisualEffectGraphs":true,"m_FxEnabled":true},"in2DMode":false,"pivot":{"x":337.3509826660156,"y":0.013842076063156128,"z":67.20162200927735},"rotation":{"x":-0.4521705210208893,"y":-0.03458637744188309,"z":0.02043764665722847,"w":-0.8907744288444519},"size":4.516961097717285,"orthographic":false}