{"cameraMode":{"drawMode":0,"name":"Shaded","section":"Shading Mode"},"sceneLighting":false,"audioPlay":false,"sceneViewState":{"m_AlwaysRefresh":false,"showFog":true,"showSkybox":false,"showFlares":true,"showImageEffects":true,"showParticleSystems":true,"showVisualEffectGraphs":true,"m_FxEnabled":true},"in2DMode":false,"pivot":{"x":1742.360107421875,"y":131.08621215820313,"z":-202.45957946777345},"rotation":{"x":-0.034859951585531238,"y":0.0038331947289407255,"z":0.0033309541177004577,"w":-0.9997331500053406},"size":48.1055908203125,"orthographic":false}