{"cameraMode":{"drawMode":0,"name":"Shaded","section":"Shading Mode"},"sceneLighting":false,"audioPlay":false,"sceneViewState":{"m_AlwaysRefresh":false,"showFog":true,"showSkybox":false,"showFlares":true,"showImageEffects":true,"showParticleSystems":true,"showVisualEffectGraphs":true,"m_FxEnabled":true},"in2DMode":false,"pivot":{"x":0.0020702481269836427,"y":0.17932993173599244,"z":-0.000667870044708252},"rotation":{"x":-0.2130744308233261,"y":-0.011948502622544766,"z":0.0034580386709421875,"w":-0.9765644073486328},"size":0.9560762643814087,"orthographic":false}