{"cameraMode":{"drawMode":0,"name":"Shaded","section":"Shading Mode"},"sceneLighting":false,"audioPlay":false,"sceneViewState":{"m_AlwaysRefresh":false,"showFog":true,"showSkybox":false,"showFlares":true,"showImageEffects":true,"showParticleSystems":true,"showVisualEffectGraphs":true,"m_FxEnabled":true},"in2DMode":false,"pivot":{"x":0.01233053207397461,"y":-0.048658132553100589,"z":0.0014411211013793946},"rotation":{"x":0.3275298476219177,"y":-0.29890739917755129,"z":0.10979636758565903,"w":0.8892037868499756},"size":3.0879666805267336,"orthographic":false}